预测结果,最终预测概率,GRU模型概率,XGBoost模型概率,置信度评估
1,0.938005735889573,1.0,0.80880743,高置信度
1,0.938005735889573,1.0,0.80880743,高置信度
1,0.938005735889573,1.0,0.80880743,高置信度
1,0.938005735889573,1.0,0.80880743,高置信度
