预测结果,最终预测概率,GRU模型概率,XGBoost模型概率,置信度评估
0,0.07612784059326828,5.388607e-05,0.109115876,低置信度
1,0.5954471003639107,0.97611696,0.24651328,中置信度
0,0.050438372009441255,2.0369555e-07,0.00053739466,低置信度
